{
	"partitions" : [
		{
			"name" : "Top",
			"pins" : [
				{
					"name" : "out1[0]",
					"strict" : false
				},
				{
					"name" : "out1[1]",
					"strict" : false
				},
				{
					"name" : "out1[2]",
					"strict" : false
				},
				{
					"name" : "out1[3]",
					"strict" : false
				},
				{
					"name" : "out1[4]",
					"strict" : false
				},
				{
					"name" : "out1[5]",
					"strict" : false
				},
				{
					"name" : "out1[6]",
					"strict" : false
				},
				{
					"name" : "out1[7]",
					"strict" : false
				},
				{
					"name" : "out2[0]",
					"strict" : false
				},
				{
					"name" : "out2[1]",
					"strict" : false
				},
				{
					"name" : "out2[2]",
					"strict" : false
				},
				{
					"name" : "out2[3]",
					"strict" : false
				},
				{
					"name" : "out2[4]",
					"strict" : false
				},
				{
					"name" : "out2[5]",
					"strict" : false
				},
				{
					"name" : "out2[6]",
					"strict" : false
				},
				{
					"name" : "out2[7]",
					"strict" : false
				},
				{
					"name" : "out3[0]",
					"strict" : false
				},
				{
					"name" : "out3[1]",
					"strict" : false
				},
				{
					"name" : "out3[2]",
					"strict" : false
				},
				{
					"name" : "out3[3]",
					"strict" : false
				},
				{
					"name" : "out3[4]",
					"strict" : false
				},
				{
					"name" : "out3[5]",
					"strict" : false
				},
				{
					"name" : "out3[6]",
					"strict" : false
				},
				{
					"name" : "out3[7]",
					"strict" : false
				},
				{
					"name" : "out4[0]",
					"strict" : false
				},
				{
					"name" : "out4[1]",
					"strict" : false
				},
				{
					"name" : "out4[2]",
					"strict" : false
				},
				{
					"name" : "out4[3]",
					"strict" : false
				},
				{
					"name" : "out4[4]",
					"strict" : false
				},
				{
					"name" : "out4[5]",
					"strict" : false
				},
				{
					"name" : "out4[6]",
					"strict" : false
				},
				{
					"name" : "out4[7]",
					"strict" : false
				},
				{
					"name" : "out5[0]",
					"strict" : false
				},
				{
					"name" : "out5[1]",
					"strict" : false
				},
				{
					"name" : "out5[2]",
					"strict" : false
				},
				{
					"name" : "out5[3]",
					"strict" : false
				},
				{
					"name" : "out5[4]",
					"strict" : false
				},
				{
					"name" : "out5[5]",
					"strict" : false
				},
				{
					"name" : "out5[6]",
					"strict" : false
				},
				{
					"name" : "out5[7]",
					"strict" : false
				},
				{
					"name" : "out6[0]",
					"strict" : false
				},
				{
					"name" : "out6[1]",
					"strict" : false
				},
				{
					"name" : "out6[2]",
					"strict" : false
				},
				{
					"name" : "out6[3]",
					"strict" : false
				},
				{
					"name" : "out6[4]",
					"strict" : false
				},
				{
					"name" : "out6[5]",
					"strict" : false
				},
				{
					"name" : "out6[6]",
					"strict" : false
				},
				{
					"name" : "out6[7]",
					"strict" : false
				},
				{
					"name" : "out7[0]",
					"strict" : false
				},
				{
					"name" : "out7[1]",
					"strict" : false
				},
				{
					"name" : "out7[2]",
					"strict" : false
				},
				{
					"name" : "out7[3]",
					"strict" : false
				},
				{
					"name" : "out7[4]",
					"strict" : false
				},
				{
					"name" : "out7[5]",
					"strict" : false
				},
				{
					"name" : "out7[6]",
					"strict" : false
				},
				{
					"name" : "out7[7]",
					"strict" : false
				},
				{
					"name" : "out8[0]",
					"strict" : false
				},
				{
					"name" : "out8[1]",
					"strict" : false
				},
				{
					"name" : "out8[2]",
					"strict" : false
				},
				{
					"name" : "out8[3]",
					"strict" : false
				},
				{
					"name" : "out8[4]",
					"strict" : false
				},
				{
					"name" : "out8[5]",
					"strict" : false
				},
				{
					"name" : "out8[6]",
					"strict" : false
				},
				{
					"name" : "out8[7]",
					"strict" : false
				},
				{
					"name" : "reset",
					"strict" : false
				},
				{
					"name" : "clk",
					"strict" : false
				},
				{
					"name" : "In1[0]",
					"strict" : false
				},
				{
					"name" : "In1[1]",
					"strict" : false
				},
				{
					"name" : "In1[2]",
					"strict" : false
				},
				{
					"name" : "In1[3]",
					"strict" : false
				},
				{
					"name" : "In1[4]",
					"strict" : false
				},
				{
					"name" : "In1[5]",
					"strict" : false
				},
				{
					"name" : "In1[6]",
					"strict" : false
				},
				{
					"name" : "In1[7]",
					"strict" : false
				},
				{
					"name" : "In2[0]",
					"strict" : false
				},
				{
					"name" : "In2[1]",
					"strict" : false
				},
				{
					"name" : "In2[2]",
					"strict" : false
				},
				{
					"name" : "In2[3]",
					"strict" : false
				},
				{
					"name" : "In2[4]",
					"strict" : false
				},
				{
					"name" : "In2[5]",
					"strict" : false
				},
				{
					"name" : "In2[6]",
					"strict" : false
				},
				{
					"name" : "In2[7]",
					"strict" : false
				},
				{
					"name" : "In3[0]",
					"strict" : false
				},
				{
					"name" : "In3[1]",
					"strict" : false
				},
				{
					"name" : "In3[2]",
					"strict" : false
				},
				{
					"name" : "In3[3]",
					"strict" : false
				},
				{
					"name" : "In3[4]",
					"strict" : false
				},
				{
					"name" : "In3[5]",
					"strict" : false
				},
				{
					"name" : "In3[6]",
					"strict" : false
				},
				{
					"name" : "In3[7]",
					"strict" : false
				},
				{
					"name" : "In4[0]",
					"strict" : false
				},
				{
					"name" : "In4[1]",
					"strict" : false
				},
				{
					"name" : "In4[2]",
					"strict" : false
				},
				{
					"name" : "In4[3]",
					"strict" : false
				},
				{
					"name" : "In4[4]",
					"strict" : false
				},
				{
					"name" : "In4[5]",
					"strict" : false
				},
				{
					"name" : "In4[6]",
					"strict" : false
				},
				{
					"name" : "In4[7]",
					"strict" : false
				},
				{
					"name" : "In5[0]",
					"strict" : false
				},
				{
					"name" : "In5[1]",
					"strict" : false
				},
				{
					"name" : "In5[2]",
					"strict" : false
				},
				{
					"name" : "In5[3]",
					"strict" : false
				},
				{
					"name" : "In5[4]",
					"strict" : false
				},
				{
					"name" : "In5[5]",
					"strict" : false
				},
				{
					"name" : "In5[6]",
					"strict" : false
				},
				{
					"name" : "In5[7]",
					"strict" : false
				},
				{
					"name" : "In6[0]",
					"strict" : false
				},
				{
					"name" : "In6[1]",
					"strict" : false
				},
				{
					"name" : "In6[2]",
					"strict" : false
				},
				{
					"name" : "In6[3]",
					"strict" : false
				},
				{
					"name" : "In6[4]",
					"strict" : false
				},
				{
					"name" : "In6[5]",
					"strict" : false
				},
				{
					"name" : "In6[6]",
					"strict" : false
				},
				{
					"name" : "In6[7]",
					"strict" : false
				},
				{
					"name" : "In7[0]",
					"strict" : false
				},
				{
					"name" : "In7[1]",
					"strict" : false
				},
				{
					"name" : "In7[2]",
					"strict" : false
				},
				{
					"name" : "In7[3]",
					"strict" : false
				},
				{
					"name" : "In7[4]",
					"strict" : false
				},
				{
					"name" : "In7[5]",
					"strict" : false
				},
				{
					"name" : "In7[6]",
					"strict" : false
				},
				{
					"name" : "In7[7]",
					"strict" : false
				},
				{
					"name" : "In8[0]",
					"strict" : false
				},
				{
					"name" : "In8[1]",
					"strict" : false
				},
				{
					"name" : "In8[2]",
					"strict" : false
				},
				{
					"name" : "In8[3]",
					"strict" : false
				},
				{
					"name" : "In8[4]",
					"strict" : false
				},
				{
					"name" : "In8[5]",
					"strict" : false
				},
				{
					"name" : "In8[6]",
					"strict" : false
				},
				{
					"name" : "In8[7]",
					"strict" : false
				}
			]
		}
	]
}