{
	"partitions" : [
		{
			"name" : "Top",
			"pins" : [
				{
					"name" : "alu[0]",
					"strict" : false
				},
				{
					"name" : "alu[1]",
					"strict" : false
				},
				{
					"name" : "alu[2]",
					"strict" : false
				},
				{
					"name" : "alu[3]",
					"strict" : false
				},
				{
					"name" : "alu[4]",
					"strict" : false
				},
				{
					"name" : "alu[5]",
					"strict" : false
				},
				{
					"name" : "alu[6]",
					"strict" : false
				},
				{
					"name" : "alu[7]",
					"strict" : false
				},
				{
					"name" : "parity",
					"strict" : false
				},
				{
					"name" : "B[0]",
					"strict" : false
				},
				{
					"name" : "sel[0]",
					"strict" : false
				},
				{
					"name" : "A[0]",
					"strict" : false
				},
				{
					"name" : "A[3]",
					"strict" : false
				},
				{
					"name" : "B[3]",
					"strict" : false
				},
				{
					"name" : "A[2]",
					"strict" : false
				},
				{
					"name" : "B[2]",
					"strict" : false
				},
				{
					"name" : "A[1]",
					"strict" : false
				},
				{
					"name" : "B[1]",
					"strict" : false
				},
				{
					"name" : "sel[1]",
					"strict" : false
				},
				{
					"name" : "sel[2]",
					"strict" : false
				}
			]
		}
	]
}