{
	"partitions" : [
		{
			"name" : "Top",
			"pins" : [
				{
					"name" : "led_out[0]",
					"strict" : false
				},
				{
					"name" : "led_out[1]",
					"strict" : false
				},
				{
					"name" : "led_out[2]",
					"strict" : false
				},
				{
					"name" : "led_out[3]",
					"strict" : false
				},
				{
					"name" : "led_out[4]",
					"strict" : false
				},
				{
					"name" : "led_out[5]",
					"strict" : false
				},
				{
					"name" : "led_out[6]",
					"strict" : false
				},
				{
					"name" : "led_out[7]",
					"strict" : false
				},
				{
					"name" : "led_out[8]",
					"strict" : false
				},
				{
					"name" : "led_out[9]",
					"strict" : false
				},
				{
					"name" : "led_out[10]",
					"strict" : false
				},
				{
					"name" : "led_out[11]",
					"strict" : false
				},
				{
					"name" : "led_out[12]",
					"strict" : false
				},
				{
					"name" : "led_out[13]",
					"strict" : false
				},
				{
					"name" : "led_out[14]",
					"strict" : false
				},
				{
					"name" : "led_out[15]",
					"strict" : false
				},
				{
					"name" : "led_out[16]",
					"strict" : false
				},
				{
					"name" : "led_out[17]",
					"strict" : false
				},
				{
					"name" : "clk",
					"strict" : false
				},
				{
					"name" : "reset",
					"strict" : false
				},
				{
					"name" : "sw[0]",
					"strict" : false
				},
				{
					"name" : "contin",
					"strict" : false
				},
				{
					"name" : "sw[1]",
					"strict" : false
				}
			]
		}
	]
}