# Copyright (C) 2023  Intel Corporation. All rights reserved.
# Your use of Intel Corporation's design tools, logic functions 
# and other software and tools, and any partner logic 
# functions, and any output files from any of the foregoing 
# (including device programming or simulation files), and any 
# associated documentation or information are expressly subject 
# to the terms and conditions of the Intel Program License 
# Subscription Agreement, the Intel Quartus Prime License Agreement,
# the Intel FPGA IP License Agreement, or other applicable license
# agreement, including, without limitation, that your use is for
# the sole purpose of programming logic devices manufactured by
# Intel and sold by Intel or its authorized distributors.  Please
# refer to the applicable agreement for further details, at
# https://fpgasoftware.intel.com/eula.

# Quartus Prime Version 22.1std.2 Build 922 07/20/2023 SC Lite Edition
# File: C:\Users\mark9\Desktop\downstair\downstair.csv
# Generated on: Fri Jan  5 13:07:14 2024

# Note: The column header names should not be changed if you wish to import this .csv file into the Quartus Prime software.

To,Direction,Location,I/O Bank,VREF Group,Fitter Location,I/O Standard,Reserved,Current Strength,Slew Rate,Differential Pair,Strict Preservation
HEX0[6],Output,PIN_H22,6,B6_N0,PIN_H22,2.5 V,,,,,
HEX0[5],Output,PIN_J22,6,B6_N0,PIN_J22,2.5 V,,,,,
HEX0[4],Output,PIN_L25,6,B6_N1,PIN_L25,2.5 V,,,,,
HEX0[3],Output,PIN_L26,6,B6_N1,PIN_L26,2.5 V,,,,,
HEX0[2],Output,PIN_E17,7,B7_N2,PIN_E17,2.5 V,,,,,
HEX0[1],Output,PIN_F22,7,B7_N0,PIN_F22,2.5 V,,,,,
HEX0[0],Output,PIN_G18,7,B7_N2,PIN_G18,2.5 V,,,,,
HEX1[6],Output,PIN_U24,5,B5_N0,PIN_U24,2.5 V,,,,,
HEX1[5],Output,PIN_U23,5,B5_N1,PIN_U23,2.5 V,,,,,
HEX1[4],Output,PIN_W25,5,B5_N1,PIN_W25,2.5 V,,,,,
HEX1[3],Output,PIN_W22,5,B5_N0,PIN_W22,2.5 V,,,,,
HEX1[2],Output,PIN_W21,5,B5_N1,PIN_W21,2.5 V,,,,,
HEX1[1],Output,PIN_Y22,5,B5_N0,PIN_Y22,2.5 V,,,,,
HEX1[0],Output,PIN_M24,6,B6_N2,PIN_M24,2.5 V,,,,,
HEX2[6],Output,PIN_W28,5,B5_N1,PIN_W28,2.5 V,,,,,
HEX2[5],Output,PIN_W27,5,B5_N1,PIN_W27,2.5 V,,,,,
HEX2[4],Output,PIN_Y26,5,B5_N1,PIN_Y26,2.5 V,,,,,
HEX2[3],Output,PIN_W26,5,B5_N1,PIN_W26,2.5 V,,,,,
HEX2[2],Output,PIN_Y25,5,B5_N1,PIN_Y25,2.5 V,,,,,
HEX2[1],Output,PIN_AA26,5,B5_N1,PIN_AA26,2.5 V,,,,,
HEX2[0],Output,PIN_AA25,5,B5_N1,PIN_AA25,2.5 V,,,,,
HEX3[6],Output,PIN_Y19,4,B4_N0,PIN_Y19,2.5 V,,,,,
HEX3[5],Output,PIN_AF23,4,B4_N0,PIN_AF23,2.5 V,,,,,
HEX3[4],Output,PIN_AD24,4,B4_N0,PIN_AD24,2.5 V,,,,,
HEX3[3],Output,PIN_AA21,4,B4_N0,PIN_AA21,2.5 V,,,,,
HEX3[2],Output,PIN_AB20,4,B4_N0,PIN_AB20,2.5 V,,,,,
HEX3[1],Output,PIN_U21,5,B5_N0,PIN_U21,2.5 V,,,,,
HEX3[0],Output,PIN_V21,5,B5_N1,PIN_V21,2.5 V,,,,,
LCD_DATA[7],Bidir,PIN_M5,1,B1_N2,PIN_M5,2.5 V,,,,,
LCD_DATA[6],Bidir,PIN_M3,1,B1_N1,PIN_M3,2.5 V,,,,,
LCD_DATA[5],Bidir,PIN_K2,1,B1_N1,PIN_K2,2.5 V,,,,,
LCD_DATA[4],Bidir,PIN_K1,1,B1_N1,PIN_K1,2.5 V,,,,,
LCD_DATA[3],Bidir,PIN_K7,1,B1_N1,PIN_K7,2.5 V,,,,,
LCD_DATA[2],Bidir,PIN_L2,1,B1_N2,PIN_L2,2.5 V,,,,,
LCD_DATA[1],Bidir,PIN_L1,1,B1_N2,PIN_L1,2.5 V,,,,,
LCD_DATA[0],Bidir,PIN_L3,1,B1_N1,PIN_L3,2.5 V,,,,,
LCD_EN,Output,PIN_L4,1,B1_N1,PIN_L4,2.5 V,,,,,
LCD_RS,Output,PIN_M2,1,B1_N2,PIN_M2,2.5 V,,,,,
LCD_RW,Output,PIN_M1,1,B1_N2,PIN_M1,2.5 V,,,,,
VGA_B[7],Output,PIN_D12,8,B8_N0,PIN_D12,2.5 V,,,,,
VGA_B[6],Output,PIN_D11,8,B8_N1,PIN_D11,2.5 V,,,,,
VGA_B[5],Output,PIN_C12,8,B8_N0,PIN_C12,2.5 V,,,,,
VGA_B[4],Output,PIN_A11,8,B8_N0,PIN_A11,2.5 V,,,,,
VGA_B[3],Output,PIN_B11,8,B8_N0,PIN_B11,2.5 V,,,,,
VGA_B[2],Output,PIN_C11,8,B8_N1,PIN_C11,2.5 V,,,,,
VGA_B[1],Output,PIN_A10,8,B8_N0,PIN_A10,2.5 V,,,,,
VGA_B[0],Output,PIN_B10,8,B8_N0,PIN_B10,2.5 V,,,,,
VGA_BLANK_N,Output,PIN_F11,8,B8_N1,PIN_F11,2.5 V,,,,,
VGA_CLOCK,Output,PIN_A12,8,B8_N0,PIN_A12,2.5 V,,,,,
VGA_G[7],Output,PIN_C9,8,B8_N1,PIN_C9,2.5 V,,,,,
VGA_G[6],Output,PIN_F10,8,B8_N1,PIN_F10,2.5 V,,,,,
VGA_G[5],Output,PIN_B8,8,B8_N1,PIN_B8,2.5 V,,,,,
VGA_G[4],Output,PIN_C8,8,B8_N1,PIN_C8,2.5 V,,,,,
VGA_G[3],Output,PIN_H12,8,B8_N1,PIN_H12,2.5 V,,,,,
VGA_G[2],Output,PIN_F8,8,B8_N2,PIN_F8,2.5 V,,,,,
VGA_G[1],Output,PIN_G11,8,B8_N1,PIN_G11,2.5 V,,,,,
VGA_G[0],Output,PIN_G8,8,B8_N2,PIN_G8,2.5 V,,,,,
VGA_HS,Output,PIN_G13,8,B8_N0,PIN_G13,2.5 V,,,,,
VGA_R[7],Output,PIN_H10,8,B8_N1,PIN_H10,2.5 V,,,,,
VGA_R[6],Output,PIN_H8,8,B8_N2,PIN_H8,2.5 V,,,,,
VGA_R[5],Output,PIN_J12,8,B8_N0,PIN_J12,2.5 V,,,,,
VGA_R[4],Output,PIN_G10,8,B8_N1,PIN_G10,2.5 V,,,,,
VGA_R[3],Output,PIN_F12,8,B8_N1,PIN_F12,2.5 V,,,,,
VGA_R[2],Output,PIN_D10,8,B8_N1,PIN_D10,2.5 V,,,,,
VGA_R[1],Output,PIN_E11,8,B8_N1,PIN_E11,2.5 V,,,,,
VGA_R[0],Output,PIN_E12,8,B8_N1,PIN_E12,2.5 V,,,,,
VGA_VS,Output,PIN_C13,8,B8_N0,PIN_C13,2.5 V,,,,,
clk,Input,PIN_Y2,2,B2_N0,PIN_Y2,2.5 V,,,,,
iIRDA,Input,PIN_Y15,3,B3_N0,PIN_Y15,2.5 V,,,,,
led[17],Output,PIN_H15,7,B7_N2,PIN_H15,2.5 V,,,,,
led[16],Output,PIN_G16,7,B7_N2,PIN_G16,2.5 V,,,,,
led[15],Output,PIN_G15,7,B7_N2,PIN_G15,2.5 V,,,,,
led[14],Output,PIN_F15,7,B7_N2,PIN_F15,2.5 V,,,,,
led[13],Output,PIN_H17,7,B7_N2,PIN_H17,2.5 V,,,,,
led[12],Output,PIN_J16,7,B7_N2,PIN_J16,2.5 V,,,,,
led[11],Output,PIN_H16,7,B7_N2,PIN_H16,2.5 V,,,,,
led[10],Output,PIN_J15,7,B7_N2,PIN_J15,2.5 V,,,,,
led[9],Output,PIN_G17,7,B7_N1,PIN_G17,2.5 V,,,,,
led[8],Output,PIN_J17,7,B7_N2,PIN_J17,2.5 V,,,,,
led[7],Output,PIN_H19,7,B7_N2,PIN_H19,2.5 V,,,,,
led[6],Output,PIN_J19,7,B7_N2,PIN_J19,2.5 V,,,,,
led[5],Output,PIN_E18,7,B7_N1,PIN_E18,2.5 V,,,,,
led[4],Output,PIN_F18,7,B7_N1,PIN_F18,2.5 V,,,,,
led[3],Output,PIN_F21,7,B7_N0,PIN_F21,2.5 V,,,,,
led[2],Output,PIN_E19,7,B7_N0,PIN_E19,2.5 V,,,,,
led[1],Output,PIN_F19,7,B7_N0,PIN_F19,2.5 V,,,,,
led[0],Output,PIN_G19,7,B7_N2,PIN_G19,2.5 V,,,,,
rst,Input,PIN_M23,6,B6_N2,PIN_M23,2.5 V,,,,,
