{
	"partitions" : [
		{
			"name" : "Top",
			"pins" : [
				{
					"name" : "c[0]",
					"strict" : false
				},
				{
					"name" : "c[1]",
					"strict" : false
				},
				{
					"name" : "c[2]",
					"strict" : false
				},
				{
					"name" : "c[3]",
					"strict" : false
				},
				{
					"name" : "c[4]",
					"strict" : false
				},
				{
					"name" : "c[5]",
					"strict" : false
				},
				{
					"name" : "c[6]",
					"strict" : false
				},
				{
					"name" : "c[7]",
					"strict" : false
				},
				{
					"name" : "d[0]",
					"strict" : false
				},
				{
					"name" : "d[1]",
					"strict" : false
				},
				{
					"name" : "d[2]",
					"strict" : false
				},
				{
					"name" : "d[3]",
					"strict" : false
				},
				{
					"name" : "d[4]",
					"strict" : false
				},
				{
					"name" : "d[5]",
					"strict" : false
				},
				{
					"name" : "d[6]",
					"strict" : false
				},
				{
					"name" : "d[7]",
					"strict" : false
				},
				{
					"name" : "rst",
					"strict" : false
				},
				{
					"name" : "clk",
					"strict" : false
				},
				{
					"name" : "b[7]",
					"strict" : false
				},
				{
					"name" : "b[6]",
					"strict" : false
				},
				{
					"name" : "b[5]",
					"strict" : false
				},
				{
					"name" : "b[4]",
					"strict" : false
				},
				{
					"name" : "b[3]",
					"strict" : false
				},
				{
					"name" : "b[2]",
					"strict" : false
				},
				{
					"name" : "b[1]",
					"strict" : false
				},
				{
					"name" : "b[0]",
					"strict" : false
				},
				{
					"name" : "a[0]",
					"strict" : false
				},
				{
					"name" : "a[1]",
					"strict" : false
				},
				{
					"name" : "a[2]",
					"strict" : false
				},
				{
					"name" : "a[3]",
					"strict" : false
				},
				{
					"name" : "a[4]",
					"strict" : false
				},
				{
					"name" : "a[5]",
					"strict" : false
				},
				{
					"name" : "a[6]",
					"strict" : false
				},
				{
					"name" : "a[7]",
					"strict" : false
				}
			]
		}
	]
}