{
	"partitions" : [
		{
			"name" : "Top",
			"pins" : [
				{
					"name" : "RND[0]",
					"strict" : false
				},
				{
					"name" : "RND[1]",
					"strict" : false
				},
				{
					"name" : "RND[2]",
					"strict" : false
				},
				{
					"name" : "RND[3]",
					"strict" : false
				},
				{
					"name" : "RND[4]",
					"strict" : false
				},
				{
					"name" : "RND[5]",
					"strict" : false
				},
				{
					"name" : "RND[6]",
					"strict" : false
				},
				{
					"name" : "RND[7]",
					"strict" : false
				},
				{
					"name" : "Cnt[0]",
					"strict" : false
				},
				{
					"name" : "Cnt[1]",
					"strict" : false
				},
				{
					"name" : "Cnt[2]",
					"strict" : false
				},
				{
					"name" : "Cnt[3]",
					"strict" : false
				},
				{
					"name" : "Cnt[4]",
					"strict" : false
				},
				{
					"name" : "Cnt[5]",
					"strict" : false
				},
				{
					"name" : "Cnt[6]",
					"strict" : false
				},
				{
					"name" : "Cnt[7]",
					"strict" : false
				},
				{
					"name" : "Def",
					"strict" : false
				},
				{
					"name" : "RST",
					"strict" : false
				},
				{
					"name" : "CLK",
					"strict" : false
				}
			]
		}
	]
}