{
	"partitions" : [
		{
			"name" : "Top",
			"pins" : [
				{
					"name" : "x3[0]",
					"strict" : false
				},
				{
					"name" : "x3[1]",
					"strict" : false
				},
				{
					"name" : "x3[2]",
					"strict" : false
				},
				{
					"name" : "x3[3]",
					"strict" : false
				},
				{
					"name" : "x3[4]",
					"strict" : false
				},
				{
					"name" : "x3[5]",
					"strict" : false
				},
				{
					"name" : "x3[6]",
					"strict" : false
				},
				{
					"name" : "x3[7]",
					"strict" : false
				},
				{
					"name" : "x3[8]",
					"strict" : false
				},
				{
					"name" : "z[0]",
					"strict" : false
				},
				{
					"name" : "z[1]",
					"strict" : false
				},
				{
					"name" : "z[2]",
					"strict" : false
				},
				{
					"name" : "z[3]",
					"strict" : false
				},
				{
					"name" : "z[4]",
					"strict" : false
				},
				{
					"name" : "z[5]",
					"strict" : false
				},
				{
					"name" : "clk",
					"strict" : false
				},
				{
					"name" : "reset",
					"strict" : false
				},
				{
					"name" : "d[0]",
					"strict" : false
				},
				{
					"name" : "d[1]",
					"strict" : false
				},
				{
					"name" : "d[2]",
					"strict" : false
				},
				{
					"name" : "d[3]",
					"strict" : false
				},
				{
					"name" : "c[0]",
					"strict" : false
				},
				{
					"name" : "c[1]",
					"strict" : false
				},
				{
					"name" : "c[2]",
					"strict" : false
				},
				{
					"name" : "c[3]",
					"strict" : false
				},
				{
					"name" : "b[0]",
					"strict" : false
				},
				{
					"name" : "a[0]",
					"strict" : false
				},
				{
					"name" : "b[1]",
					"strict" : false
				},
				{
					"name" : "a[1]",
					"strict" : false
				},
				{
					"name" : "b[2]",
					"strict" : false
				},
				{
					"name" : "a[2]",
					"strict" : false
				},
				{
					"name" : "b[3]",
					"strict" : false
				},
				{
					"name" : "a[3]",
					"strict" : false
				}
			]
		}
	]
}